BIBTEXKEY,AUTHOR,YEAR
_names_nodate,"{\cyrchar\CYRI}{\cyrchar\cyrm}{\cyrchar\cyre}{\cyrchar\cyrn}{\cyrchar\cyra}, {\cyrchar\CYRR}{\cyrchar\cyro}{\cyrchar\cyrd}{\cyrchar\cyrs}{\cyrchar\cyrt}{\cyrchar\cyrv}{\cyrchar\cyre}{\cyrchar\cyrn}{\cyrchar\cyrn}{\cyrchar\cyrery}{\cyrchar\cyre} and {\cyrchar\CYRT}{\cyrchar\cyryu}{\cyrchar\cyrr}{\cyrchar\cyrk}{\cyrchar\cyrs}{\cyrchar\cyrk}{\cyrchar\cyri}{\cyrchar\cyrh}, {\cyrchar\CYRV}. and {\cyrchar\CYRS}{\cyrchar\cyri}{\cyrchar\cyrb}{\cyrchar\cyri}{\cyrchar\cyrr}{\cyrchar\cyri}, {\cyrchar\CYRD}{\cyrchar\cyri}{\cyrchar\cyra}{\cyrchar\cyrl}{\cyrchar\cyre}{\cyrchar\cyrk}{\cyrchar\cyrt}{\cyrchar\cyra}{\cyrchar\cyrh} {\cyrchar\CYRYU}{\cyrchar\cyrzh}{\cyrchar\cyrn}{\cyrchar\cyro}{\cyrchar\cyrishrt} and Kara, Mehmet",
abbink_frisian_nodate,"Abbink, Elgar",
abbott_macushi_2015,"Abbott, Miriam and Foster, Patrick and Key, Mary Ritchie",2015
abe_bende_2006,"Abe, Yuko",2006
acker_dictionnaire_1907,"van Acker, Auguste",1907
adams_tocharian_2015,"Adams, Douglas Q. and {Infante-Wong}, Mackayla and Key, Mary Ritchie",2015
adams_tocharian_2015-1,"Adams, Douglas Q. and {Infante-Wong}, Mackayla and Key, Mary Ritchie",2015
ahmad_muslim_1977,"Ahmad, Aziz",1977
ake_wordlist_nodate,"Ake, Antionette",
ambrazas_lithuanian_2006,"Ambrazas, Vytautas",2006
andromedas_greek_1957,"Andromedas, John",1957
anouk_dutch_nodate,Anouk,
anoukDutchDutc1256Kinship,{Anouk},
ardener_coastal_nodate,"Ardener, E. W.",1956
ardener_kinship_1954,"Ardener, E. W.",1954
ardener_mopkwe_2007,"Ardener, Edwin",2007
arnaud_o_1968,"Arnaud, Expedito Coelho",1968
arnaud_parentesco_1968,"Arnaud, Expedito Coelho",1968
associationTeaDistrictsLabour1926,"{association}, Tea District Labour",1926
austin_grammar_1981,"Austin, Peter",1981
awang_kinship_2010,"Awang, Siti Nor",2010
barbosa_pequeno_1951,"Barbosa, Pe A Lemos",
bahuchet_dans_1992,"Bahuchet, Serge",1992
bahuchet_les_1985,"Bahuchet, Serge",1985
bakori_expressing_2017,"Bakori, Kabir Yusuf",2017
balakrishnan_grammar_1977,"Balakrishnan, Ramaswami",1977
balakrishnan_phonology_1976,"Balakrishnan, Ramaswami",1976
baldi_latin_2015,"Baldi, Philip and {Infante-Wong}, Mackayla and Key, Mary Ritchie",2015
ball_celtic_2012,"Ball, Martin and Muller, Nicole",2012
banks_malay_1974,"Banks, David J.",1974
barker_social_1985,"Barker, Judith C.",1985
barmich_nenets_2015,"Barmich, Mariya and Klesment, Piret",2015
barnard_convergent_1980,"Barnard, Alan",1980
barnes_tuyuca_2015,"Barnes, Janet and Key, Mary Ritchie",2015
barnouw_eastern_1955,"Barnouw, Victor",1955
Brandewie_1966,"Brandewie, Ernest",1966
barros_gununa_2015,"Barros, Jos{\'e} Pedro Viegas and Casamiquela, Rodolfo M. and Key, Mary Ritchie and Najlis, Elena",2015
barth_principles_1953,"Barth, Fredrik",1953
bartos_grammaire_1972,"Bartos, Jozef and Gagnaire, Joseph",1972
bashi_murhiorhakube_parlons_2005,"{Bashi Murhi-Orhakube}, C.",2005
bashir_address_nodate,"Bashir, Abeer",
basso_wisdom_1996,"Basso, Keith H.",1996
basu_sociolinguistic_1974,"Basu, D. N",1974
bateni_kinship_1973-1,"Bateni, M. R.",1973
bawa_role_1967,"Bawa, Manjeet",1967
beattie_nyoro_1957,"Beattie, J.H.M.",1957
beattie_nyoro_1958,"Beattie, J. H. M.",1958
beidelman_matrilineal_1967,"Beidelman, T",1967
bessong_modeformel_1983,"Bessong, D. P. Aroga and Mel'{\v c}uk, Igor A.",1983
bhargava_production_2009,"BHARGAVA, M. and LAMBEK, J.",2009
bhattacharya_kinship_1970,"Bhattacharya, Sudhibhushan",1970
bhowmick_chenchus_1992,"Bhowmick, Prabodh Kumar",1992
biebuyck_societe_nodate,"Biebuyck, D.",
bird_petit_nodate,"Bird, Steven and Tadadjeu, Maurice",
black_consice_2000,"Black, J.",2000
blanco_stan1288_nodate,"Blanco, Hugo Garcia",
blazek_czech_2015,"Bla{\v z}ek, V{\'a}clav and {Infante-Wong}, Mackayla",2015
blazek_elamite_2015,"Bla{\v z}ek, V{\'a}clav and Key, Mary Ritchie",2015
blevins_nhanda_2001,"Blevins, Juliette",2001
bloch_moral_1971,"Bloch, Maurice",1971
boelaert_terminologie_1951,"Boelaert, E.",1951
bohannan_tiv_2017,"Bohannan, Laura and Bohannan, Paul",2017
bongango_organisation_2008,"Bongango, Joseph",2008
borges_aspectos_2006,"Borges, Monica Veloso",2006
borman_cofan_2015,"Borman, M. Bub and Key, Mary Ritchie and {notes}, Field",2015
bostoen_subject_2012,"Bostoen, Koen and Mundeke, Leon",2012
bowern_austkin_nodate,"Bowern, Claire",
bowern_chirila_2016,"Bowern, Claire",2016
brady_land_1971,"Brady, Ivan Arthur",1971
brain_bangwa_1972,"Brain, Robert",1972
brandenstein_ngadjumaja_1980,"von Brandenstein, C. G.",1980
brant_burmese_1951,"Brant, Charles S. and {Khaing}",1951
braunstein_wichi_2015,"Braunstein, Jos{\'e} A. and Key, Mary Ritchie",2015
briggs_ayoreo_2015,"Briggs, Janet R. and Key, Mary Ritchie",2015
bright_karok_2015,"Bright, William and Audova, Iris and Klesment, Piret",2015
bruwer_matrilineal_1958,"Bruwer, J. P. Van S.",1958
bryant_mumford_hehebenasangu_1934,"Bryant Mumford, W",1934
buck_ethnology_1938-1,"Buck, Peter Henry",1938
buck_dictionary_2008,"Buck, Carl Darling",2008
bush_latin_1971,"Bush, Archie C.",1971
buckwalter_mocovi_2015,"Buckwalter, Albert S. and Ruiz, Roberto and Key, Mary Ritchie",2015
buckwalter_pilaga_2015,"Buckwalter, Albert S. and Su{\'a}rez, Julio and Key, Mary Ritchie",2015
buckwalter_toba_2015,"Buckwalter, Albert S. and S{\'a}nchez, Orlando and Key, Mary Ritchie",2015
buivydiene_lietuviu_1997,"Buivydien{\.e}, R{\=u}ta",1997
bukenya_standard_2009,"Bukenya, Austin and Kamoga, Leonard",2009
burrows_atoll_1953,"Burrows, Edwin G.",1953
burrows_ethnology_1936-1,"Burrows, Edwin G.",1936
burssens_les_1958,"Burssens, H.",1958
busser_towards_2009,"Busser, Rik De",2009
bynonpolak_mariage_1971,"{Bynon-Polak}, L.",1971
campbell_social_1985,"Campbell, Andrew R. T.",1985
campbell_northern_2015,"Campbell, John and Key, Mary Ritchie and = Swanton, J. R. S.",2015
campbell_sahtuotine_nodate,"Campbell, Jessie",
campion_edwards_nonexistence_nodate,"Campion Edwards, Adrian",
carey_kensiu_1970,"Carey, Iskandar",1970
castro_arawete_1986,"de Castro, Eduardo Batalha Viveiros",1986
ceyssens_pouvoir_1984,"Ceyssens, Joseph Henri Cecil",1984
chandralal_sinhala_2010-1,"Chandralal, Dileep",2010
charlesedwards_irish_1993,"{Charles-Edwards}, T. M.",1993
charpentier_review_1926,"Charpentier, Jarl",1926
chatterjee_hos_1927,"Chatterjee, Anathnath and Das, Tarakchandra",1927
chave_eastern_1960,"Fallers, Margaret",1960
chaveEasternLacustrineBantu1960,"Chave, Margaret",1960
cheung_studies_2002,"Cheung, Johnny",2002
chilver_western_1974,"Chilver, E. M",1974
chowning_cognatic_1962,"Chowning, Ann",1962
cibuls_latvian_2015,"Cibu{\c l}s, Juris and Key, Mary Ritchie",2015
clairis_qawasqar_2015,"Clairis, Christos and Barros, Jos{\'e} Pedro Viegas and Key, Mary Ritchie",2015
clark_introduction_1977,"Clark, Thomas Welbourne and {Burton-Page}, John",1977
clarke_lubasanga_1911,"Clarke, J.A.",1911
cleasby_icelandicenglish_1874,"Cleasby, Richard",1874
clifford_french_2018,"Clifford, Isobel",2018
cloarecheiss_aka_1978,"{Cloarec-Heiss}, France and Thomas, Jacqueline M. C.",1978
colson_marriage_1958,"Colson, Elizabeth",1958
colson_seven_1961,"Colson, Elizabeth and Gluckman, Max",1961
congo_mission_englishlonkundo_1913,"Mission, Congo",1913
corbett_slavonic_2003,"Corbett, Professor Greville and Comrie, Professor Bernard and Comrie, Professor Bernard",2003
cormier_kinship_2003,"Cormier, Loretta",2003
cosper_hausa_2015,"Cosper, Ronald and Loveridge, George B. and Young, Hilary and Gital, Garba Mohammed",2015
cosper_polci_2015,"Cosper, Ronald and Loveridge, George B. and Young, Hilary and Sabo, Abdu and Waje, Musa",2015
councilDeneYatieCc2009,"Council, South Slave Divisional Education",2009
coyos_basque_2015,"Coyos, Jean-Baptiste and Key, Mary Ritchie and {family}, Est{\'e}cahandy-Halbide and {family}, Etchebarne Battitta and {family}, Etchebarne-Harrixuri and {(mother of J.-B. Coyos)}, Mrs. Coyos",2015
crehan_fractured_1997,"Crehan, Kate",1997
crossgrove_middle_2015,"Crossgrove, William C. and {Infante-Wong}, Mackayla",2015
crowley_middle_1978,"Crowley, Terry",1978
crowther_my_2007,"Crowther, Pete",2007
cuisenier_europe_1979,,1979
culwick_ubena_1935,"Culwick, Arthur",1935
cunningham_description_1969,"Cunningham, M. C.",1969
Damas_1975,"Damas, David",1975
danielsson_tuamotuan_1953-1,"Danielsson, Bengt",1953
das_masks_1976,"Das, Veena",1976
das_study_1977,"Das, A. R.",1977
davis_basic_1984,"Davis, Alice Irene",1984
dayley_tumpisa_1989,"Dayley, Jon Philip",1989
de_cespedes_guarani_2015,"{de C{\'e}spedes}, Celsa D{\'a}valos and {de Canese}, Natalia Krivoshein and Key, Mary Ritchie",2015
de_goeje_arawak_2009,"{de Goeje}, C. H.",2009
de_perez_muisca_2015,"{de P{\'e}rez}, Mar{\'i}a Stella Gonz{\'a}lez and Key, Mary Ritchie",2015
de_rapper_blood_nodate,"{de Rapper}, Gilles",
de_sousberghe_cousins_1965,"De Sousberghe, L.",1965
de_sousberghe_immutabilite_1967,"De Sousberghe, L{\'e}on",1967
de_witte_taalstudie_1955,"De Witte, P",1955
deb_bihari_2018,"Deb, Angarika",2018
deicat_aguaruna_2015,"Deicat, Gerardo Wipio and Key, Mary Ritchie",2015
delahaye_tehuelche_2015,"Delahaye, Martine and Key, Mary Ritchie",2015
delhaise_chez_1909,"Delhaise, Charles",1909
delhaise_ethnographie_1908,"Delhaise, Charles",1908
dialect_bari_2015,"{dialect)}, Frank Morgan (Colombian and {dialect)}, Manuel Lizarralde (Venezuelan and {dialect)}, Roberto Lizarralde (Venezuelan and Key, Mary Ritchie",2015
dictionaryPendeFrancaisDictionary1972,"Dictionary, Comparative Bantu Online",1972
DictionaryTextbarEyak,,
noauthor_dictionnaire_1970,,197
dieffenbach_travels_2013,"Dieffenbach, Ernst",2013
diepeveen_verwantschapstermen_2003,"Diepeveen, A",2003
dietrich_atlas_2015,"DIETRICH, Wolf and KALLFELL, Guido and THUN, Harald",2015
dietrich_chiriguano_2015,"Dietrich, Wolf and Key, Mary Ritchie",2015
dietrich_idioma_1986,"Dietrich, Wolf",1986
diez_moseten_2015,"Diez, Andr{\'e}s A. P{\'e}rez and Key, Mary Ritchie",2015
diniz_os_1977,"Diniz, Beatriz",1977
dixon_djapu_1983,"Dixon, R. M. W.",1983
dixon_edible_2015,"Dixon, R. M. W.",2015
dodd_modern_1996,"Dodd, Bill",1996
doke_englishlamba_1963,"Doke, C.M.",1963
du_breton_2015,"D{\^u}, Jean Le and Ellis, Jessica and Key, Mary Ritchie",2015
dumtragut_armenian_2009,"{Dum-Tragut}, Jasmine",2009
dunham_ements_2006,"Dunham, Margaret",2006
dunn_badimaya_1988,"Dunn, Leone",1988
dupree_afghanistan_1978,"Dupree, Louise",1978
dura_epena_2015,"Dura, Eladio Quiro and Harms, Phillip Lee and Key, Mary Ritchie",2015
dyck_yaruro_2015,"Dyck, Merrill and Dyck, Teresa Ann and Key, Mary Ritchie",2015
edel_chiga_2018,"Edel, May M.",2018
eggan_maya_1934,"Eggan, Fred",1934
ehrenfels_kadar_1952,"Ehrenfels, Omar Rolf Leopold Werner",1952
eissmann_yagan_2015,"Eissmann, Ana Mar{\'i}a Guerra and Key, Mary Ritchie",2015
ekstrom_word_1959,"Ekstrom, Jonathon",1959
elbert_two_1965-1,"Elbert, Samuel H. and Monberg, Torben",1965
ellanna_nuvendaltin_1992,"Ellanna, Linda J. and Balluta, Andrew",1992
elliott_dictionary_1999,"Elliott, Eric Bryant",1999
emeneau_personal_1976,"Emeneau, Murray B.",1976
emile_dictionnaire_nodate,"Emile, M and Andre, M",
emory_kapingamarangi_1965,"Emory, Kenneth Pike",1986
erina_erzya_2015,"Erina, Olga and Klesment, Piret",2015
erschler_ossestic_2018,"Erschler, David",2018
fallows_lets_2003,"Fallows, N and Fallows, N",2003
FamilyCommunityIreland,,
fardon_sisters_nodate,"Fardon, Richard",
fausto_primos_1995,"Fausto, Carlos",1995
felberg_nyakyusaenglishswahili_1996,"Felberg, Knut",1996
fernandez_estrada_diccionario_nodate,"Fern{\'a}ndez Estrada, Zarina",
ferraro_baluchi_1988,"Ferraro, Felicetta",1988
firth_we_2013,"Firth, Raymond",2013
fisiak_papers_1976,"Fisiak, Ed, Jacek and {Adam Mickiewicz Univ. in Poznan (Poland)} and {Center for Applied Linguistics}, Va, Arlington",1976
flinn_adoption_1985,"Flinn, Juliana",1985
fortune_sorcerers_2013,"Fortune, Reo Franklin",2013
fox_rotinese_1968-1,"Fox, James J.",1968
fox_eastern_2015,"Fox, James",2015
friedrich_evolutionary_1963,"Friedrich, Paul",1963
friesen_oroko_2002,"Friesen, Dan Terence",2002
frisch_formal_1971,"Frisch, Jack A.",1971
fritsche_semantische_1977,"Fritsche, Michael",1977
fulop_notas_nodate,"Fulop, Marcos",N/A
galley_dictionnaire_1964,"Galley, Samuel",1964
galvao_cultura_nodate,"Galv{\=a}o, Eduardo",
ganuschhak_ukrainian_nodate,"Ganuschhak, Lesya",
garcia_karawara_2003,"Garcia, Uir{\'a} Felippe",2003
garvey_malagasy_1964,"Garvey, Catherine J.",1964
garvin_respect_1952,"Garvin, Paul L. and Riesenberg, Saul H.",1952
gashilov_selkup_2015,"Gashilov, Arkadiy I. and Klesment, Piret",2015
gates_kinship_1971,"Gates, Henry Phelps",1971
gebregziabher_alienableinalienable_nodate,"Gebregziabher, Keffyalew",
gebregziabher_projecting_2013,"Gebregziabher, Keffyalew",2013
gelaye_semantic_1998,"Gelaye, Getie",1998
georgieva_bulgarian_1971,"Georgieva, Ivanicka",1971
gerdel_paez_2015,"Gerdel, Florence L. and Key, Mary Ritchie",2015
geronimo_sanchez_diccionario_nodate,"Ger{\'o}nimo S{\'a}nchez, Eutiquio and Jiminez Romero, Ezequiel and Tepole Gonz{\'a}lez, Ram{\'o}n and Macuixtle Quiahua, Aquiles and Hernandez, Jorge Luis",N/A
gerzenstein_chorote_2015,"Gerzenstein, Ana and Key, Mary Ritchie",2015
gerzenstein_maca_2015,"Gerzenstein, Ana and Key, Mary Ritchie",2015
geytenbeek_gidabal_1971,"Geytenbeek, Brian and Geytenbeek, Helen",1971
ghurye_full_1962,Ghurye,1962
gibson_social_1952,"GIBSON, GORDON D.",1952
Gibson_1956,"Gibson, Gordon D.",1956
gifford_californian_1922,"Gifford, Edward Winslow",1922
gill_trinitario_2015,"Gill, Ruth and Gill, Wayne and Key, Mary Ritchie",2015
giri_english_2001,"Giri, Anju",2001
glasser_yiddish_2015,"Glasser, Paul and {Infante-Wong}, Mackayla",2015
gluckman_kinship_1950,"Gluckman, Max",1950 (1958 reprinting)
Desveaux_transformations_1998-2,"D{\'e}sveaux, E and Selz, M",1998
Godelier_Trautmann_TjonSieFat_1998,"Godelier, Maurice and Trautmann, Thomas R. and Tjon Sie Fat, Franklin E.",1998
godelier_metamorphoses_2011,"Godelier, Maurice",2011
golla_tututni_1976,"Golla, Victor",1976
goss_ute_1967,"Goss, James A.",1967
gregor_celtic_1980,"Gregor, Douglas Bartlett",1980
grenand_wayampi_2015,"Grenand, Fran{\c c}oise and Alasuka, Raymond and Key, Mary Ritchie",2015
grunthalVeps1250TermsCollected2020,"Gr{\""u}nthal, Riho",2020
guarisma_etudes_1969,"Guarisma, Gladys",1969
guasch_idioma_1947,"Guasch, Antonio",1947
gulere_lusogaenglish_2009,"Gulere, Cornelius W.",2009
gunnemark_swedish_2015,"Gunnemark, Erik V. and Kollmann, Laila and {Infante-Wong}, Mackayla and Alvarsson, Jan-{\AA}ke",2015
guterbock_hittite_1980-1,,1980
gutierrez_diccionario_2005,"Guti{\'e}rrez, Corsino Guzm{\'a}n",2005
habibi_dari_nodate,"Habibi, N",
hafford_wuvulu_2014,"Hafford, James",2014
haile_manual_1926,"Haile, Berard",1926
hall_kwana_2015,"Hall, Katherine and Key, Mary Ritchie",2015
hallberg_sociolinguistic_1992,"Hallberg, Daniel G.",1992
halpern_serbian_nodate,"Halpern, Joel and {Kerewsky-Halpern}, Barbara",
halpern_yuma_1942,"Halpern, A. M.",1942
hammel_transformational_1965,"Hammel, E. A.",1965
hanmel_sebo-croatian_nodate,"Hammel, Eugene A.",1957
handy_native_1923-1,"Handy, Edward Smith Craighill",1923
hansen_core_1978,"Hansen, L. E. and Branch, Summer Institute of Linguistics Australian Aborigines",1978
hanson_grammar_2010,Hanson,2010
harvey_bali_1997,"Harvey, T",1997
haurholmlarsen_grammar_2016,"{Haurholm-Larsen}, Steffen",2016
hawke_welsh_2015,"Hawke, Andrew and {Infante-Wong}, Mackayla and Key, Mary Ritchie",2015
hawkins_wai_2015,"Hawkins, Robert E. and Key, Mary Ritchie",2015
hawkinson_bakweri_1986,"Hawkinson, ANN KATHERINE",1986
heath_dhuwal_1980,"Heath, Jeffrey",1980
heckart_ache_2015,"Heckart, Claudia J. and Hill, Kim and Key, Mary Ritchie",2015
held_papuas_2013,"Held, Prof Dr G. J.",2013
helmlinger_dictionnaire_1972,"Helmlinger, Paul",1972
hercus_bagandji_1982,"Hercus, L. A.",1982
hercus_grammar_1999,"Hercus, Luise Anna",1999
hershberger_kukuyalanji_1982,"Hershberger, Henry D and Hershberger, Ruth",1982
hertzfeld_jamaican_2015,"Hertzfeld, Anita and Perry, Franklin and Sabino, Robin",2015
heynan_contrasting_2012,"Heynan, B and Hunt, C",2012
hickey_village_1964,"Hickey, Gerald Cannon",1964
hinde_vocabularies_1904,"Hinde, H.",1904
hirt_untersuchungen_1908,"Hirt, H.",1908
hoeller_guarayu_1932,"H{\""o}ller, P Fray Alfredo",1932
hogbin_social_1930,"Hogbin, H.",1930
holman_bentley_appendix_1895,"Holman Bentley, W",1895
hope_tribes_1998,"Hope, Risley Herbert",1998
howard_learning_1970,"Howard, Alan",1970
hualde_catalan_2013,"Hualde, Jos{\'e} Ignacio",2013
hubschmann_etymologie_1887,"H{\""u}bschmann, Heinrich",1887
hulstaert_notes_1938,"Hulstaert, G.",1938
huntsman_tokelau_1996,"Huntsman, Judith and Hooper, Antony",1996
hurault_les_1963,"Hurault, Jean and Frenay, P.",1963
hutton_sema_1921,"Hutton, J. H. (John Henry)",1921
ichikawa_residential_1979,"Ichikawa, M.",1979
idiata_sangu_nodate,Idiata,199x
isenberg_dictionary_1841,"Isenberg, Charles William",1841
ivens_melanesians_1927,"Ivens, Walter George",1927
izard_terminologie_1965,"Izard, Michel",1965
izikowitz_lamet_2018,"Izikowitz, Karl Gustav",2018
jagau_northern_2015,"Jagau, Axel and Kallavus, Kulle and Audova, Iris and Sammallahti, Pekka",2015
jaques_terms_1929,"Jaques, Alexandre A.",1929
jedrej_dreaming_1992,"Jedrej, M. M. Charles and Shaw, Rosalind",1992
jedygarova_udmu1245_2020,"Jedygarova, Svetlana",2020
jenniges_dictionnaire_1909,"Jenniges, Emile",1909
jones_grammar_2011,"Jones, Barbara",2011
jones_komenglish_2001,"Jones, Randy",2001
jordan_kin_nodate,"Jordan, Fiona M.",
judy_movima_2015,"Judy, Robert A. and Key, Mary Ritchie",2015
justus_hittite_2015,"Justus, Carol F.",2015
kacori_handbook_1979,"Kacori, Thoma",1979
kagaya_classified_1989,"Kagaya, Ryohei",1989
kagaya_classified_1992,"Kagaya, Ryohei",1992
kaji_haya_2000,"Kaji, Shigeki",2000
karachristos_kin_2004,"Karachristos, Ioannis",2004
karpova_udmurt_2015,"Karpova, Lyudmila and Audova, Iris",2015
karve_kinship_1942,"Karve, Irawati Karmarkar",1942
karve_kinship_1968,"Karve, Irawati Karmarkar",1968
kaufman_ancient_2015,"Kaufman, Stephen A. and data {files}, Comprehensive Aramaic Lexicon",2015
kaulback_dene_2012,"Kaulback, Brent",2012
keller_studies_1937,"Keller, Albert Galloway and Murdock, George Peter",1937
kellogg_grammar_1972,"Kellogg, Samuel Henry",1972
kenrick_romani_2015,"Kenrick, Donald and {Infante-Wong}, Mackayla D.",2015
kesby_rangi_1981,"Kesby, John D.",1981
key_avestan_2015,"Key, Mary Ritchie",2015
key_baure_2015,"Key, Mary Ritchie",2015
key_cayuvava_2015,"Key, Mary Ritchie",2015
key_hawaiian_2015,"Key, Mary Ritchie",2015
key_ignaciano_2015,"Key, Mary Ritchie and {Ott's material} and {correspondence}, Ott",2015
key_itonama_2015,"Key, Mary Ritchie",2015
key_maori_2015,"Key, Mary Ritchie",2015
key_marquesan_2015,"Key, Mary Ritchie",2015
key_mashco_2015,"Key, Mary Ritchie",2015
key_munduruku_2015,"Key, Mary Ritchie",2015
key_nahuatl_2015,"Key, Mary Ritchie and work:{\aftergroup\ignorespaces} {1948-1955}, Field",2015
key_nuuchahnulth_2015,"Key, Mary Ritchie",2015
key_old_2015,"Key, Mary Ritchie",2015
key_rapa_2015,"Key, Mary Ritchie and Weber, Nancy L. and Weber, Robert L. and Ellis, Jessica",2015
key_rotuman_2015,"Key, Mary Ritchie",2015
key_siona_2015,"Key, Mary Ritchie",2015
key_siriono_2015,"Key, Mary Ritchie",2015
key_tlingit_2015,"Key, Mary Ritchie",2015
key_tongan_2015,"Key, Mary Ritchie",2015
key_tsimshian_2015-1,"Key, Mary Ritchie",2015
key_tuamotuan_2015,"Key, Mary Ritchie and {various}",2015
key_yavitero_2015,"Key, Mary Ritchie and Mosonyi, Jorge Carlos",2015
khalilov_aghul_2015,"Khalilov, Madzhid and Lange, Stefan",2015
khalilov_akhvakh_2015,"Khalilov, Madzhid and Lange, Stefan",2015
khalilov_andi_2015,"Khalilov, Madzhid and Lange, Stefan",2015
khalilov_archi_2015,"Khalilov, Madzhid and Lange, Stefan",2015
khalilov_avar_2015,"Khalilov, Madzhid and Schmidt, Claudia and Jung, Hagen and Lange, Stefan",2015
khalilov_avar_2015-1,"Khalilov, Madzhid",2015
khalilov_avar_2015-2,"Khalilov, Madzhid and Lange, Stefan",2015
khalilov_avar_2015-3,"Khalilov, Madzhid and Lange, Stefan",2015
khalilov_avar_2015-4,"Khalilov, Madzhid and Lange, Stefan",2015
khalilov_avar_2015-5,"Khalilov, Madzhid and Lange, Stefan",2015
khalilov_azerbaijan_2015,"Khalilov, Madzhid and Lange, Stefan",2015
khalilov_bagvalal_2015,"Khalilov, Madzhid and Lange, Stefan",2015
khalilov_bezhta_2015,"Khalilov, Madzhid and Lange, Stefan",2015
khalilov_budukh_2015,"Khalilov, Madzhid and Lange, Stefan",2015
khalilov_chamalal_2015,"Khalilov, Madzhid",2015
khalilov_chamalal_2015-1,"Khalilov, Madzhid and Lange, Stefan",2015
khalilov_dargwa_2015,"Khalilov, Madzhid and Lange, Stefan",2015
khalilov_dargwa_2015-1,"Khalilov, Madzhid",2015
khalilov_godoberi_2015,"Khalilov, Madzhid and Lange, Stefan",2015
khalilov_hinuq_2015,"Khalilov, Madzhid and Lange, Stefan",2015
khalilov_hunzib_2015,"Khalilov, Madzhid and Lange, Stefan",2015
khalilov_ingush_2015,"Khalilov, Madzhid",2015
khalilov_judeotat_2015,"Khalilov, Madzhid and Lange, Stefan",2015
khalilov_khwarshi_2015,"Khalilov, Madzhid and Lange, Stefan",2015
khalilov_kumyk_2015,"Khalilov, Madzhid",2015
khalilov_lezgian_2015,"Khalilov, Madzhid and Lange, Stefan",2015
khalilov_nogai_2015,"Khalilov, Madzhid and Lange, Stefan",2015
khalilov_rutul_2015,"Khalilov, Madzhid",2015
khalilov_tsovatush_2015,"Khalilov, Madzhid",2015
khan_computational_2007,"Khan, Mohammad Abid and Zuhra, Fatima Tuz",2007
kifle_tigrinya_nodate,"Kifle, Nazareth Amlesom",
king_modern_2016,"King, Gareth",2016
kiste_incest_1976,"Kiste, Robert C. and Rynkiewich, Michael A.",1976
kochkareva_khanty_2015,"Kochkareva, Nataliya and Lyskova, Nina and Klesment, Piret",2015
kolbe_englishherero_1883,"Kolbe, F.W",1883
konova_bulgarian_2018,"Konova, Neda",2018
koul_modern_2006,"Koul, Omkar N. and Wali, Kashi",2006
koul_modern_2008,"Koul, Omkar N.",2008
kramer_wurdlist_1964,"Kramer, P",1964
krapf_vocabulary_1850,"Krapf, J. L. (Johann Ludwig)",1850
krauss_eyak_1970,"Krauss, Michael E.",1970
kuipers_old_2015,"Kuipers, Christopher M. and {Infante-Wong}, Mackayla",2015
kunnap_estonian_2015,"K{\""u}nnap, Ago and Kuusk, Margit and Audova, Iris",2015
kuper_determinants_1978,"Kuper, Adam",1978
kuper_shona_2017,"Kuper, Hilda and Hughes, A. J. B. and {van Velsen}, J.",2017
kuusk_finnish_2015,"Kuusk, Margit and Klesment, Piret and Pihlajaniemi, Anja",2015
lamal_basuku_1965,"Lamal, F",1965
lambton_persian_1969-1,"Lambton, Ann K. S.",1969
lancaster_kinship_1958,"Lancaster, Lorraine",1958
last_polyglotta_1885,"Last, Joseph",1885
lauriout_diccionario_1993,"Lauriout, Erwin and Day, Dwight and Loriot, James",1993
leacock_maue_1973,"Leacock, Seth",1973
leaf_punjabi_1971,"Leaf, Murray J.",1971
lee_dobe_2013,"Lee, Richard",2013
legere_trilingual_2003,"Legere, Karston",2003
lehmann_gothic_2015,"Lehmann, Winfred P. and Chapman, Susan",2015
leiper_kane_amharicenglish_1990-1,"Leiper Kane, Thomas",1990
lelis_latvian_2019,"Lelis, Joseph",2019
lindblom_akamba_1920,"Lindblom, Gerhard",1920
linton_tanala_1933,"Linton, Ralph",1933
lizot_yanomami_2015,"Lizot, Jacques and Key, Mary Ritchie",2015
lobato_picanco_munduruku_2005,"Lobato Pican{\c c}o, Gessiane",2005
lonfo_dictionnaire_nodate,"Lonfo, Etienne and Anderson, Stephen C",
lowie_kinship_1930,"Lowie, Robert H.",1930
lowie_notes_nodate,"Lowie, Robert H",
luchesi_familie_1983,"Luchesi, Brigitte",1983
lumwamu_lexique_1976,"Lumwamu, Francois",1976
lyskova_mansi_2015,"Lyskova, Nina and Audova, Iris",2015
macgregor_ethnology_1937,"Macgregor, Gordon",1937
madan_family_1989,"Madan, Triloki Nath",1989
madan_kinship_1970,"Madan, T. N",1970
madan_structural_1975,"Madan, T.N.",1975
madan_wisa_1906,"Madan, A.C.",1906
madhava_menon_encyclopaedia_1996,"Madhava Menon, T. and Sivathanu, C. and Prasanth, K. P.",1996
maes_vocabulaire_1934,"Maes, Prof J.",1934
maheswaran_descriptive_2008,"Maheswaran, C.",2008
mahootian_persian_2002,"Mahootian, Shahrzad",2002
malik_lexical_2010,"Malik, Tahir Ghafoor",2010
mambwe_linguistic_2008,"Mambwe, Kelvin",2008
mangulu_parler_2003,"Mangulu, M",2003
mann_czech_1977,"Mann, Stuart Edward",1977
mann_short_nodate,"Mann, Stuart E",
mann_vocabulary_1966,"Mann, W.M.",1966
manwati_basic_nodate,"Manwati, J L",
maples_collections_1879,"Maples, Chauncy",1879
marck_kin_2010,"Marck, Jeff and Hage, Per and Bostoen, Koen and Muzenga, Jean-Georges Kamba",2010
marino_galician_2018,"Mari{\\textasciitilde n}o, In{\'e}s",2018
markotic_kinship_1968,"Markotic, Vladimir",1968
marlo_lubukusuenglish_2007,"Marlo, Michael and Sifuna, Adrian and Wasike, Aggrey",2007
marquez_terrazas_diccionario_1999,"Marquez Terrazas, Zacar{\'i}as",1999
masele_linguistic_2001,"Masele, Balla",2001
mayer_histoire_2002,"Mayer, Raymond",2002
mbadu_kumbu_du_2012,"Mbadu Kumbu, Pamphile",2012
mcculloch_people_1954,"McCulloch, M. and Littlewood, M. and Dugast, I.",1954
mcculloch_southern_1951,"McCulloch, Merran",1951
mcknight_problems_1971,"McKnight, David",1971
mead_social_1930,"Mead, Margaret",1930
melville_wapishana_2015,"Melville, Colette and Tracy, Frances V. and Williams, Olive and Key, Mary Ritchie",2015
meniku_discovering_2011,"M{\""e}niku, Linda and Campos, H{\'e}ctor",2011
Mentore_1987,"Mentore, George P.",1987
menz_orientinstitut_2013,"Menz, Astrid",2013
mertens_dictionnaire_1939,"Mertens, Joseph",1939
mesthrie_linguistic_1990,"Mesthrie, Rajend",1990
metraux_ethnology_1940,"M{\'e}traux, Alfred",1940
miller_old_2015,"Miller, Vincent and {Infante-Wong}, Mackayla",2015
miller_toba_1966,"Miller, Elmer S.",1966
miran_naming_1975,"Miran, M. Alam",1975
misra_social_1987,"Misra, Kamal Kant",1987
missionEnglishLonkundoLonkundoEnglishVocabulary1913,"Mission, Congo",1913
mistrik_grammar_1983,"Mistr{\'i}k, Jozef",1983
monberg_bellona_1991,"Monberg, Torben",1991
monodbecquelin_trumai_2015,"{Monod-Becquelin}, Aurore and Key, Mary Ritchie",2015
moore_colorado_2015,"Moore, Bruce R. and Key, Mary Ritchie",2015
moorfield_te_2005,"Moorfield, John Cornelius",2005
morrison_grammar_nodate,"Morrison, W. M.",[c1906]
morse_diccionario_1999,"Morse, Nancy L. and Salser Jr., Jay K and {de Salser}, Neva",1999
moser_seri_2015,"Moser, Mary B. and Marlett, Stephen A. and Key, Mary Ritchie and {Summer Institute of Linguistics}, University of North Dakota",2015
mufwene_prototype_1980,"Mufwene, Salikoko S.",1980
mukherjee_malapandaram_1954,"Mukherjee, Bhabananda",1954
muldagaliyeva_sociocultural_2015,"Muldagaliyeva, A.A and Gumarova, Sh. B. and Issabayeva, B.K and Zhirenshina, K. A.",2015
muluwa_immediate_2014,"Muluwa, J.K. and Bosteon, Koen",2014
muluwa_lexique_2015,"Muluwa, J.K. and Bosteon, Koen",2015
muluwa_recueil_2007,"Muluwa, Joseph Koni and Bostoen, Koen",2007
munzadi_territoire_1970,"Munzadi, Ernest",1970
murphy_matrilocality_1956,"Murphy, Robert F.",1956
mwalonya_mgombato_2006,"Mwalonya, Joseph and Nicolle, Alison and Nicolle, Steve and Zimbu, Juma",2006
najlis_selknam_2015,"Najlis, Elena L. and Key, Mary Ritchie",2015
nakagawa_classified_1992,"Nakagawa, H",1992
nanda_dhakal_nepalese_2018,"Nanda Dhakal, Dubi",2018
naroll_german_1958,"Naroll, Word",1958
nchare_grammar_2012,"Nchare, Abdoulaye Laziz",2012
ndolo_vocabulaire_1972,"Ndolo, P and Malasi, F",1972
neto_dadivas_nodate,"Neto, Jo{\\textasciitilde a}o Dal Poz",
newmark_albanian_2015,"Newmark, Leonard and Key, Mary Ritchie",2015
newmark_structural_1957,"Newmark, Leonard",1957
nguyen_englishvietnamese_1979,"Nguy{\^e}n, V{\u a}n Kh{\^o}n",1979
noauthor_austkin_nodate,"Bowern, Claire",
noauthor_dari_nodate,,
noauthor_dictionary_nodate,,
noauthor_family_nodate,,
noauthor_full_nodate,"Gifford, Edward Winslow",1917
noauthor_german_nodate,,
noauthor_grammar_nodate,,
noauthor_grundriss_nodate,,
noauthor_handbook_nodate,,
noauthor_internet_nodate,,
noauthor_ket_nodate,,
noauthor_komo_nodate,,
noauthor_kwasi_nodate,,
noauthor_lahnda_nodate,,
noauthor_latvia_nodate,,
noauthor_les_nodate,,
noauthor_nomads_nodate,,
noauthor_noticia_nodate,,
noauthor_osjazfolk_1949,,1949
noauthor_OssetianRussian_2004,,
noauthor_outline_nodate,,
noauthor_paliyan_nodate,,
noauthor_pdf_nodate,,
noauthor_problems_1987,,1987
noauthor_salvage_nodate,"Gargett, Andrew",
noauthor_surui_nodate,,
noauthor_terminologia_nodate,,
noauthor_tigrinya_nodate,,
noauthor_topical_nodate,,
noauthor_vocabulario_2010,,2010
noauthor_wayback_2007,"Elzinga, D",2004
noauthor_worterbucher_2010,"Linden, P",2010
noauthor_yamitao_nodate,,
NomadsLongBow,,
nurse_diachronic_1988,"Nurse, Derek",1988
nurse_sonjo_1991,"Nurse, Derek and Rottland, Franz",1991
oconnell_residence_1836,"O'Connell, James F.",1836
odden_kikerewe_2005,"Odden, David",2005
ogawa_comparative_2006,"Ogawa, Naoyoshi and Li, Rengui and Toyoshima, Masayuki",2006
oliveira_parentesco_1970,"de Oliveira, Ad{\'e}lia Engr{\'a}cia",1970
oliver_ancient_1975,"Oliver, Douglas L.",1975
olson_chipaya_2015,"Olson, Frances and Olson, Ronald D. and Key, Mary Ritchie",2015
openlearncreate_lunda_nodate,{OpenLearnCreate},
opler_kinship_1936,"Opler, Morris E.",1936
opler_summary_1936,"Opler, Morris Edward",1936
orel_concise_2000,"Orel, Vladimir {\.E}",2000
osborne_degrees_1870,"Osborne, John",1870
pairumani_aymara_2015,"Pairumani, F{\'e}lix Layme and Key, Mary Ritchie",2015
pajusalu_esto1258_2020,"Pajusalu, Karl",2020
pandharipande_marathi_1997,"Pandharipande, Rajeshwari",1997
parkin_sacred_1991,"Parkin, David",1991
parkin_contemporary_1995,"Parkin, Robert",1995
pashkievish_fundamental_1974,"Pashkievish, V",1974
passmore_english_2018,"Passmore, Sam",2018
patz_grammar_2002,"Patz, Elisabeth",2002
pawley_milne_nodate,"Cappell, Arthur",
peatrik_vie_1999,"Peatrik, Anne-Marie",1999
peeke_waorani_2015,"Peeke, M. Catherine and Key, Mary Ritchie",2015
peggion_forma_1996,"Peggion, Edmundo Antonio",1996
pehrson_social_1966,"Pehrson, Robert Niel",1966
peiros_iduh_2015,"Peiros, Ilya",2015
peiros_prai_2015,"Peiros, Ilya",2015
peiros_pusing_2015,"Peiros, Ilya",2015
peiros_zhuanglongzhou_2015,"Peiros, Ilya",2015
pendefrancais_comparativebantu_1972,"Dictionary, Comparative Bantu Online",1972
pennington_arte_1984,"Pennington, Campbell W. (eds.) and Lombardo, Natal",1984
perry_persian_2015,"Perry, John R. and Key, Mary Ritchie and Paper, Herbert H.",2015
perry_tajik_2005,"Perry, John R.",2005
perry_western_1972,"Perry, Edgar",1972
pet_grammar_2011,"Pet, William J. A.",2011
pieris_139_1964,"Pieris, Ralph",1964
pinson_kinship_1979,"Pinson, Ann",1979
piron_elements_1990,"Piron, P.",1990
pocock_kanbi_1972,"Pocock, David Francis",1972
poewe_matrilineal_1981,"Poewe, Karla O.",1981
pomozi_hungarian_2015,"Pomozi, P{\'e}ter and Volmre, Sirje and Audova, Iris",2015
Pospisil_Laughlin_1963,"Pospisil, Leopold and Laughlin, William S.",1963
pratt_grammar_1893,"Pratt, George",1893
press_ukrainian_2015-1,"Press, Ian and Pugh, Stefan",2015
price_panare_2015,"Price, Jana and Key, Mary Ritchie",2015
proudfoot_modern_1997,"Proudfoot, Anna.",1997
raczHung1274TermsCollected2020,"R{\'a}cz, Peter",2020
rafel_catalan_2015,"Rafel, Joan and Key, Mary Ritchie and {speaker}, Native",2015
ramirez_o_2017,"Ramirez, Henri and Vegini, Valdir and de Fran{\c c}a, Maria Cristina Victorino",2017
ranjan_patriarchalic_2003-1,"Ranjan, Rasa",2003
ranquel_mapudungun_2015,"Ranquel, Ana V. Fern{\'a}ndez Garay and Catrileo, Mar{\'i}a and Key, Mary Ritchie",2015
rapondawalker_dictionnaire_1934,"{Raponda-Walker}, Andr{\'e} and Tardy, Louis",1934
rapondawalker_elements_1996,"{Raponda-Walker}, Andr{\'e}",1996
rastorgueva_short_1963,"Rastorgueva, V. S.",1963
read_cognition_2007,"Read, Dwight and Bennardo, Giovanni",2007
real_academia_gallega_la_coruna_spain_diccionario_1990,"Real Academia Gallega (La Coru{\\textasciitilde n}a, Spain), Xos{\'e} Bieito. and Freixedo, Arias",
redmayne_wahehe_1964,"Redmayne, A.H.",1964
remacle_dictionnairewallonfrancais_1839,"Remacle, L.",1839
researchinstituteRusskoMariyskiySlovar1966,"{research institute}, Soviet Mari",1966
richard_histoire_1970,"Richard, Madeleine",1970
richards_lengua_2015,"Richards, Elizabeth and Curtis, Timothy and Key, Mary Ritchie",2015
richards_waura_2015,"Richards, Joan and Key, Mary Ritchie",2015
richardson_puinave_2015,"Richardson, Larry A. and Key, Mary Ritchie",2015
ridington_kin_1969,"Ridington, Robin",1969
rigby_cattle_1969,"Rigby, Peter",1969
rodegem_dictionnaire_1970,"Rodegem, Firmin M",1970
rodman_yuwana_2015,"Rodman, David and Rodman, Sue and Key, Mary Ritchie and field {notes}, Rodmans'",2015
roessler_unreleased_2017,"Roessler, Eva-Maria",2017
rojas_embera_2015,"Rojas, Mauricio Pardo and Key, Mary Ritchie",2015
roscoe_bagesu_1924,"Roscoe, John",1924
roy_birhors_1925,"Roy, Rai Bahadur Sarat Chandra",1925
rubanza_luzinza_2008,"Rubanza, Y.I.",2008
rubattu_dizionario_2001,"Rubattu, Antoninu",2001
rushforth_bear_1984,"Rushforth, Scott",1984
ryali_semantic_1971,"Ryali, Rajagopal",1971
rydving_words_2013,"Rydving, H{\aa}kan",2013
saarIngr2148TermsCollected2020,"Saar, Eva",2020
sabino_negerhollands_2015,"Sabino, Robin and Stevens, Mrs. Alice",2015
Schoonekamp_2008,"Schoonekamp, Harmen",2008
Schoonekamp_2008_frisian,"Schoonekamp, Harmen",2008
Schoonekamp_2008_slovenian,"Schoonekamp, Harmen",2008
sahu_birhor_1995,"Sahu, Chaturbhuj",1995
sakayan_armenian_2015,"Sakayan, Dora and Khatchatrian, Amalia",2015
sakayan_armenian_2015-1,"Sakayan, Dora and Khatchatrian, Amalia",2015
sammons_sanapana_2015,"Sammons, Ruth and Key, Mary Ritchie",2015
sangol_lethique_1983,"Sangol, Bongo-Pasi Moke",1983
santander_kunza_2015,"Santander, Roberto Lehnert and Key, Mary Ritchie",2015
satre_ngombafrenchenglish_2003,"Satre, Scott",2003
saxena_bengali_2015,"Saxena, Anju and Pimpalkhare, Mohini",2015
saxena_mahasu_2015,"Saxena, Anju and Karlander, David",2015
saxena_marathi_2015,"Saxena, Anju and Pimpalkhare, Mohini",2015
saxena_nepali_2015,"Saxena, Anju",2015
saxena_punjabi_2015,"Saxena, Anju and Pimpalkhare, Mohini",2015
saxena_tamil_2015,"Saxena, Anju and Hashim, Mohamed",2015
saxena_telugu_2015-1,"Saxena, Anju and Karlander, David and Rama, K. Taraka",2015
saxon_tlicho_1996,"Saxon, Leslie Adele and Siemens, Mary and {Dogrib Divisional Board of Education}",1996
scatton_reference_1984,"Scatton, Ernest A.",1984
schapera_tswana_1953,"Schapera, I.",1953
scheffler_australian_1978,"Scheffler, Harold W.",1978
scherer_ha_1959,"Scherer, J. H.",1959
schmalstieg_old_2015,"Schmalstieg, William R.",2015
schuhmacher_danish_2015,"Schuhmacher, W. W. and Key, Mary Ritchie",2015
schultz_kom_1997,"Schultz, George",1997
schwarzschild_controlled_1969-1,"Schwarzschild, L A (Luise Anna)",1969
schwimmer_hawaiian_2001,"Schwimmer, Brian",2001
sebastian_yine_2008,"Sebasti{\'a}n, Rittma Urqu{\'i}a and Marlett, Stephen A.",2008
seelwische_nivacle_2015,"Seelwische, Jos{\'e} and Stell, N{\'e}lida N. and Key, Mary Ritchie",2015
sewellMalagasyDictionaryMadagascar,"Sewell, Joseph",
shafeev_short_1964,"Shafeev, D. A.",1964
shanor_pashto_nodate,"Shanor, S",
shashi_encyclopaedia_1994,"Shashi, Shyam Singh",1994
siertsema_masaba_1981,"Siertsema, Berthe",1981
silva_cativando_2009,"da Silva, Cristhian Te{\'o}filo",2009
sinha_kinship_2012,"Sinha, Prajadhip and Sarma, Bairab and Shyam Purkayastha, Bipul",2012
slocum_diccionario_1999,"Slocum, Marianna C",1999
smirnov_lahndi_1975,"Smirnov, Y. A",1975
smith_economy_1955,"Smith, M. G and {Colonial Social Science Research Council (Great Britain)} and Human Relations Area Files, inc",1955
sosne_kinship_1974,"Sosne, Elinor Dee",1974
south_slave_divisional_education_council_dene_2009,"Council, South Slave Divisional Education",2009
soviet_mari_research_institute__1966,{Soviet Mari research institute},1966
snyman_introduction_1969,"Snyman, J. W.",1969
spooner_iranian_1966,"Spooner, Brian",1966
srinagarashram_dictionary_nodate,{SrinagarAshram},
srinivas_religion_1952,"Srinivas, Mysore Narasimhachar",1952
stankovic_russian_1998,,
stein_structural_1975,"Stein, Howard F.",1975
steward_culture_1942,"Steward, Julian H.",1942
stirrat_dravidian_1977,"Stirrat, R.L.",1977
stockle_mungaka_1992,"St{\""o}ckle, Johannes",1992
stubbs_uto-aztecan_2011,"Stubbs, Brian D",2011
sugiura_kinship_1962,"Sugiura, Kenichi and Befu, Harumi",1962
suvcane_latvianlivonianenglish_nodate,"{\v S}uvc{\=a}ne, V.",1999
swain_ninam_2015,"Swain, Carole and Key, Mary Ritchie",2015
swartz_bilingual_1968,"Swartz, Marc J.",1968
tambiah_kinship_1965,"Tambiah, S. J.",1965
tanner_social_2007,"Tanner, Ralph E. S.",2007
taylor_giryama_1891,"Taylor, W.E.",1891
taylor_nominal_1976,"Taylor, Douglas",1976
taylor_western_1969,"Taylor, Brian",1969
tea_district_labour_association_tea_1926,{Tea District Labour association},1926
teboh_women_2002,"Teboh, Bridget Angum",2002
tej_punjabi_1993,"Tej, Bhatia",1993
temir_bashkir_1966,"Temir, Ahmed and Poppe, Nicholas",1966
teo_phonological_nodate,"Teo, Amos",
terrill_biri_1998,"Terrill, Angela",1998
terrill_dharumbal_2002,"Terrill, Angela",2002
tessmann_pangwe_1913,"Tessmann, G{\""u}nter",1913
tew_people_1950,"Tew, Mary",1950
thomas_komo_2014,"Thomas, John Paul",2014
thomascolquhoun_russian_2018,"{Thomas-Colquhoun}, Ewan",2018
thompson_personal_2017,"Thompson, Warren",2017
thompson_southern_1940-1,"Thompson, Laura",1940
thorne_comprehensive_1993,"Thorne, David A.",1993
tisdall_simplified_1892,"Tisdall, W. S.",1892
torday_notes_1905,"Torday, E. and Joyce, T. A.",1905
torday_notes_1906,"Torday, E. and Joyce, T. A.",1906
torday_notes_1910,"Torday, E and Joyce, T",1910
tribus_pacaas_2015,"Tribus, Misi{\'o}n Nuevas and Key, Mary Ritchie",2015
tsereteli_influence_1970,"Tsereteli, George V.",1970
tsunoda_djaru_1981,"Tsunoda, Tasaku",1981
tsunoda_grammar_2011,"Tsunoda, Tasaku",2011
tsutsumi_japanese_2018,"Tsutsumi, Kumiko",2018
turkin_komi_2015,"Turkin, Adolf and Klesment, Piret",2015
turnball_wayward_nodate,"Turnball, Colin",
turner_comparative_1931,"Turner, Ralph Lilley",1931
university_of_michigan_vocabulary_1908,,1908
unruh_sanapana_2015,"Unruh, Ernesto and Kalisch, Hannes and Key, Mary Ritchie",2015
urrutia_western_2018,"Urrutia, Usue Aliende",2018
ushkevich_byelorussianenglish_1992,"Ushkevich, Alexander and Zezulin, Alexandra",1992
Vajda_Nefedov_2009,"Vajda, Edward and Nefedov, Andrey",2009
vallejos_diccionario_nodate,"Vallejos, Rosa",
van_der_kerken_baluba_1936,"{Van der Kerken}, M.",1936
van_geluwe_les_1957,"Van Geluwe, H",1957
van_luong_vietnamese_1989,"Van Luong, Hy",1989
varma_kurumba_1978,"Varma, G. Srinivasa",1978
vatasescu_termes_1997,"Vatasescu, Catalina",1997
vatuk_gifts_1975,"Vatuk, Sylvia",1975
vatuk_structural_1969,"Vatuk, Sylvia",1969
verhovtcev__nodate,"Verhovtcev, Dmitry",
vincke_systematique_1961,"Vincke, Jacques L.",1961
VocabularyIgorotLanguage1908,,1908
volkel_tonganenglish_2016,"V{\""o}lkel, Svenja",2016
wafer_handbook_2008,"Wafer, James William and Wafer, Jim and Lissarrague, Amanda and Harkins, Jean",2008
wagley_tupiguarani_1946,"Wagley, Charles and Galv{\\textasciitilde a}o, Eduardo",1946
wali_kashmiri_1997,"Wali, Kashi and Koul, Omkar Nath and Kaula, Omak{\=a}ra Aina",1997
walker_toda_1986,"Walker, Anthony R.",1986
walker_zuni_2015,"Walker, Willard and Audova, Iris and Klesment, Piret and 1992, Lynn Nichols",2015
wall_navajoenglish_1958,"Wall, Leon",1958
wallace_meaning_1960,"Wallace, Anthony F. C. and Atkins, John",1960
warnier_precolonial_1975,"Warnier, JEAN-PIERRE",1975
weeks_hittite_1985,"Weeks, David Michael",1985
weiss_kayabi_nodate,"Weiss, Helga Elisabeth",
weissleder_nomadic_2011,"Weissleder, Wolfgang",2011
wentzel_venda_1982,"Wentzel, P. J. and Muloiwa, T. W.",1982
westvik_old_2015,"Westvik, Olaf Jansen and {Infante-Wong}, Mackayla",2015
wheeler_catalan_2002-1,"Wheeler, Max and Yates, Alan and Dols, Nicolau",2002
white_egocentric_2010,"White, Douglas R and White, Douglas",2010
whiteley_kinship_1959,"Whiteley, W. H.",1959
wiebe_cayapa_2015,"Wiebe, Neil and Wiebe, Ruth and Key, Mary Ritchie and A{\\textasciitilde n}apa, Ra{\'u}l and A{\\textasciitilde n}apa, Santiago",2015
wielenga_vergelijkende_1917,"Wielenga, D. K.",1917
wilbert_aspectos_1959,"Wilbert, Johannes",1959
willett_diccionario_2016,"WIllett, Thomas L.",2016
william_dictionary_1865,"William, Rev Robert",1865
williams_grammar_1980,"Williams, Corinne J.",1980
williamson_dictionary_1972,"Williamson, Kay",1972
williamson_gondi_1889,"Williamson, Henry Drummond",
willis_fipa_1966,"Willis, Roy",1966
wilson_comparative_1849,"Wilson, John Leighton",1849
wilson_grammar_1898,"Wilson, J",1898
windfuhr_iranian_2009,,2009
winfield_grammar_1928,"Winfield, Walter Warren",1928
wounglymassaga_dialecte_1971,"{Woungly-Massaga}, M.",1971
wright_kaonde_1958,"Wright, J",1958
yadav_reference_2011,"Yadav, Ramawatar",2011
yalcinheckmann_tribe_1991,"{Yal{\c c}{\i}n-Heckmann}, Lale",1991
yallop_alyawarra_1977,"Yallop, Colin",1977
yalman_structure_1962,"Yalman, Nur",1962
yukawa_classified_1992,"Yukawa, Yasutoshi",1992
zagoskin_wordlists_nodate,"Zagoskin, Laurence",
zaitseva_novyi_2007,"Za{\u \i}tseva, N. G. and Mullonen, M. I.",2007
zubiri_goajiro_2015,"Zubiri, Jes{\'u}s Olza and (commentary), Jos{\'e} Alvarez and Jusay{\'u}, Miguel Angel and Key, Mary Ritchie",2015
KtS,"kielten keskus \\& Kielikone Oy, Kotimaisten",2022
bloodSemen,"Cook, Edwin A.",1980
shaw1974kinship,"Shaw, Robert Daniel",1974
hoenigman2015talk,"Hoenigman, Darja and others",2015
westrum1982berik,"Westrum, P",1982
goddard1999bernard,"Goddard, Michael",1999
obata2003grammar,"Obata, Kazuko and others",2003
wagner1967curse,"Wagner, R. and of Chicago, University",1967
universitas1986irian,"Anthropology, Universitas Cenderawasih. Lembaga",1986
Kim1993_EdopiKinship,"Green, Ivor",1986
https://doi.org/10.1002/j.1834-4461.1960.tb00220.x,"Pospisil, Leopold",1960
50152,"Rule, Murray",1993
glasse1962cognatic,"Glasse, Robert M",1962
GlickGimi,"Glick, Leonard B.",1967
bateman1982iau,"Bateman, Janet",1982
erickson1976isirawa,"Erickson, Carol J",1976
berndt1954kamano,"Berndt, Ronald M",1954
dommel1997kaure,"Dommel, Peter Barbarossa",1997
wildenKemtuk,"van der Wilden, Jelly",1976
simsKetengban,"Sims, Andrew",1986
franklinKewa,"Franklin, Karl J.",1965
de1987kombai,"De Vries, Lourens",1987
reay1957kuma,"Reay, Marie",1957
peckhamMairasi,"Peckham, Lloyd",1983
olssonMarind,"Olsson, Bruno",
SchebestaDagoi,"Schebesta, Joseph",1940
gravelleMeah,"Gravelle, Gilles",1992
10.2307/40459830,"Schebesta, Joseph",1940
honeyManMomu,"Honeyman, Tom",
holtker1964sprache,"H{\""o}ltker, Georg",1964
ogan1966nasioi,"Ogan, Eugene",1966
nash1974matriliny,"Nash, Jill and others",1974
may1981nimboran,"May, Kevin R",1981
schoorl1957kultuur,"Schoorl, Johan Willem",1957
wegener2013savosavo,"Wegener, Claudia",2013
sarvasy2014grammar,"Sarvasy, Hannah Sacha",2014
ernst1987onabasulu,"Ernst, Thomas Mitchell",1987
mills1986Sawi,"Mills, A. John",1986
onishi2011Motuna,"Onishi, Masayuki",2011
collier1983Tabla,"Collier, Kenneth J.",1983
kulick2019grammar,"Kulick, Don and Terrill, Angela",2019
healey1962Telefol,"Healey, Alan",1962
van2000tidore,"Van Staden, Miriam",2000
scheffler1972baniata,"Scheffler, Harold W",1972
wormsley1978imbonggu,"Wormsley, William Edward",1978
foley1997watam,"Foley, WA",1997
eibl1989kommunikation,"Eibl-Eibesfeldt, Iren{\""a}us and Schiefenh{\""o}vel, Wulf and Heeschen, Volker",1989
jones1993Yawa,"Jones, Linda K.",1993
heeschen1983worterbuch,"Heeschen, Volker and Schiefenh{\""o}vel, Wulf",1983
Juillerat1996,"Juillerat, Bernard",1996
Holton2017,"Holton, Gary",2017
el-khaissi_2020,"El-Khaissi, Charbel",2020
evans-nebni-2016,"Evans, Nicholas and Nébni, Jimmy",2016
visser-2017,"Visser, Eline and Yorre, Naim",2017
evans-2016,"Evans, Nicholas",2016
rumsey-2016,"Rumsey, Alan",2016
vanTongeren-2016,"van Tongeren, Charlotte",2016
quinn-2016,"Quinn, Kyla",2016
Gregor-2016,"Gregor, Tina",2016
Siegel-2016,"Siegel, Jeff",2016
Daniels2015,"Daniels, Don",2015
Holle1980v2,"Holle, Karel Frederik",1980
Baird2008,"Baird, Louise",2008
Nevermann1939,"Nevermann, Hans",1939
Morgan1871,"Morgan, Lewis Henry",1871
dickson2015,"Dickson, Greg",2015
Barth2017,"Barth, Danielle",2017
Schnell2017,"Schnell, Stefan",2017
BarthW2017,"Barth, Wolfgang",2017
Evans2016,"Evans, Nicholas",2016
Ennever2018,"Ennever, Thomas",2018
Tshering2013,"Tshering, Karma",2013
Jackson1983,"Jackson, Jean E.",1983
Everett2012,"Everett, Daniel L.",2012
Tsukamoto1988,"Tsukamoto, Akihisa",1988
Williams1936,"Williams, Francis Edgar",1936
Healey2013,"Healey, David Stephen",2013
Early1994,"Early, Robert",1994
Lacrampe2009,"Lacrampe, Sébastien",2009
Ludvigson1989,"Ludvigson, Tomas",1989
Capell1962,"Capell, Arthur",1962
layard1942,"Layard, J.",1942
Nese2006,"Crowley, Terry",2006
Dimock2009,"Dimock, Laura Gail",2009
bininjkunwokorg,,
Yu2007,"Yu, Defen",2007
Himmelmann2001,"Himmelmann, Nikolaus P.",2001
Mead1999,"Mead, David E.",1999
Jones1998,"Jones, Alan A.",1998
Deacon1934,"Deacon, Bernard A.",1934
Palmer2000,"Palmer, Blair",2000
Kroeber1919,"Kroeber, A. L.",1919
Franklin1971,"Franklin, Karl J.",1971
Geerts1970,"Geerts, P.",1970
SalasReyes1968,"Salas Reyes, Vicente",1968
Barbian1977,"Barbian, Karl-Josef",1977
Elkins1984,"Elkins, Richard E. and Hendrichson, Gail R.",1984
Laycock2003,"Laycock, Donald C.",2003
Lichtenberk2008,"Lichtenberk, Frantisek",2008
Bowern2012,"Bowern, Claire L.",2012
Dol1999,"Dol, Philomena Hedwig",1999
Sommer2006,"Sommer, Bruce",2006
Robinson2011,"Robinson, Laura C.",2011
Moyle2011,"Moyle, Richard",2011
PawleyBulmer2011,"Pawley, Andrew and Bulmer, Ralph",2011
Stebbins2011,"Stebbins, Tonya N.",2011
McGregor2011,"McGregor, William",2011
Chung2005,"Chung, Ying Shing Anthony",2005
Burenhult2005,"Burenhult, Niclas",2005
BaxterdeSilva2004,"Baxter, Alan N. and de Silva, Patrick",2004
Hildebrandt2004,"Hildebrandt, Kristine A.",2004
KiteWurm2004,"Kite, Suzanne and Wurm, Stephen",2004
Blake2003,"Blake, Barry",2003
Breen2007,"Breen, Gavan and Blake, Barry",2007
Jones2011,"Jones, Barbara",2011
Kelly2004,"Kelly, Barbara",2004
Donohue2004,"Donohue, Mark and San Roque, Lila",2004
Blust2003,"Blust, Robert",2003
Blake2003Bunganditj,"Blake, Barry",2003
Dutton2003,"Dutton, Tom",2003
Draper2002,"Draper, Norm and Draper, Sheila",2002
Ross1996,,1996
Francois2002,"François, Alexandre",2002
Harvey2001,"Harvey, Mark",2001
LynchTepahae2001,"Lynch, John and Tepahae, Philip",2001
Crowley2000,"Crowley, Terry",2000
Caughley2000,"Caughley, Ross C.",2000
Crowley1999,"Crowley, Terry",1999
Blake1998,"Blake, Barry J., Ian Clark and Krishna-Pillay, Sharnthi H.",1998
Luo1999,"Luo, Yongxian",1999
Nordlinger1998,"Nordlinger, Rachel",1998
Sharpe1998,"Sharpe, Margaret C.",1998
Thieberger2004,"Thieberger, Nicholas",2004
Hirtzel2010,"Hirtzel, Vincent",2010
Shnukal1988,"Shnukal, Anna",1988
Choi2015,"Choi, Yun Jung Hannah",2015
Blust1977Sketches,"Blust, Robert A.",1977
Chinnery1930,"Chinnery, E. W. P.",1930
Gargett2011,"Gargett, Andrew",2011
Pensalfini2011,"Pensalfini, Rob",2011
Dixon1983,"Dixon, R. M. W.",1983
Dehu1967,"Tryon, D. T.",1967
Grace1976,"Grace, George William",1976
Parker1970,"Parker, G.J.",1970
Fox1974,"Fox, Charles Elliot",1974
Keesing1975,"Keesing, Roger M.",1975
Headland1974,"Headland, Thomas N. and Healey, Alan",1974
deVries2004,"de Vries, Lourens J.",2004
Eades2005,"Eades, Domenyk",2005
GoodenoughSugita1990,"Goodenough, W. H. and Sugita, H.",1990
Fischer1968,"Fischer, Hans",1968
Levinson1970,"Levinson, Stephen C.",2006
Hercus1994,"Hercus, Luise A.",1994
Grammati,"Headland, Thomas N. and Healey, Alan",1974
Elbert1974,"Elbert, Samuel H.",1974
Beaumont1979,"Beaumont, Clive. H",1979
Grace1975,"Grace, George William",1975
Breen2004,"Breen, Gavan",2004
Marck1996,"Marck, Jeff",1996
Tryon1976,"Tryon, Darrell T.",1976
Ray1907,"Ray, Sidney H.",1907
McKnight1999,"McKnight, David",1999
Lynch1977,"Lynch, John",1977
Ranby1980,"Ranby, Peter",1980
Morris1984,"Morris, Cliff",1984
Lindstrom1986,"Lindstrom, Lamont",1986
White1988,"White, Geoffrey M. and Kokhonigita, Francis and Pulomana, Hugo",1988
Hamel1994,"Hamel, Patricia J.",1994
Landtman1927,"Landtman, Gunnar",1927
Drabbe1950,"Drabbe, Peter",1950
Hogan1988UrakLawo,"Hogan, David W. and Pattemore, Stephen W.",1988
Crowley1992,"Crowley, Terry",1992
BuseTaringa1996,"Buse, Jasper and Taringa, Raututi",1996
CapellLayard1980,"Capell, Arthur and Layard, J.",1980
Schulte1981,"Schulte Nordholt, R. G.",1981
Lincoln1976,"Lincoln, Peter Craig",1976
Dempwolff1909,"Dempwolff, Otto",1909
Thambiah2007,"Thambiah, Shanthi",2007
Grimes1991,"Grimes, Charles E.",1991
Wolff1972,"Wolff, John Ulrich",1972
Preissig1918,"von Preissig, Edward R.",1918
Sudarsono2002,"Sudarsono, P. D.",2002
Atchison1995,"Atchison, Martin B.",1995
Josselin1947,"de Josselin de Jong, Jan Petrus Benjamin",1947
Verheijen1986,"Verheijen, Jilis A. J.",1986
Hudson1967,"Hudson, Alfred B.",1967
Goudswaard2005,"Goudswaard, Nelleke",2005
ElbertND,"Elbert, Samuel H.",no date
Yamada1966,"Yamada, Yukihiro",1966
Afable1989,"Afable, Patricia Okubo",1989
Fitzsimons1989,"Fitzsimons, Matthew",1989
senft1986,"Senft, Gunter",1986
Fingleton1986,"Fingleton, J. S.",1986
NishiyamaKelen2007,"Nishiyama, Kunio and Kelen, Herman",2007
Vandermark2007,"Van Der Mark, Sheena",2007
Elkins1968,"Elkins, Richard E.",1968
Kerr1988,"Kerr, Harland B.",1988
ChowningGoodenough2016,"Chowning, Ann and Goodenough, Ward H.",2016
Lawrence1933,"Lawrence, A. E.",1933
Odango2015,"Odango, Emerson Lopez",2015
CodringtonPalmer1896,"Codrington, Robert and Palmer, Jim",1896
Brownie2007,"Brownie, John and Brownie, Marjo",2007
Vaa2013,"Vaa, Anders",2013
Ross2002,"Ross, Malcolm",2002
Musgrave2007,"Musgrave, Jill",2007
Egli1990,"Egli, Hans",1990
Walleser1913,"Walleser, Salvator",1913
DuheDuhe1996,"Duhé, Dale and Duhé, Linda",1996
Rayner1923,"Rayner, Ernest Adolphus",1923
Donohue2000,"Donohue, Mark",2000
Capell1969,"Capell, Arthur",1969
WaterhouseJones1949,"Waterhouse, J. H. L. and Jones, L. M.",1949
Mellow2014,"Mellow, Greg",2014
Roddy2007,"Roddy, Kevin M.",2007
Fricke2014,"Fricke, Hanna",2014
s:Capell:Sikayana,"Capell, Arthur","1935, 1936, 1936, 1936, 1937"
hvw:Taber:SWMaluku,"Taber, Mark",1993
numbamiwebsite,,
samawebsite,,
amangaluiwebsite,,
tonseawebsite,,
tungagwebsite,,
dursun2020,"Dursun, Sıdıka",2020
Nehrbass2012,"Nehrbass, Kenneth",2012
Scebold2003,"Scebold, Robert A.",2003
Blust2003Thao,"Blust, Robert",2003
SmithCrowley1986,"Smith Crowley, Susan",1986
NaessHovdhaugen2011,"Næss, Åshild and Hovdhaugen, Even",2011
vandenberg2006,"van den Berg, René and Bachet, Peter",2006
endelc2015,"Kurupel, Warama and Lindsey, Kate",2015-2017
Crowley2006,"Crowley, Terry",2006
Barbour2009,"Barbour, Julie Renee",2009
vonPrince2015,"von Prince, Kilu",2015
Paton1973,"Paton, W. F.",1973
Crowley2006Tape,"Crowley, Terry",2006
Thompson1988,"Thompson, David A.",1988
Gaby2006,"Gaby, Alice Rose",2006
Francois2001,"François, Alexandre",2001
Johnson2014,"Johnson, Kay",2014
brotchie09,"Brotchie, Amanda",2009
Dodd2014,"Dodd, Royce",2014
Powell2002,"Powell, Fiona",2002
Budd2009,"Budd, Peter S.",2009
Sperlich1991,"Sperlich, Wolfgang B.",1991
Buckley1994,"Buckley, Eugene",1994
Naess2017,"Næss, Åshild",2017
Schokkin2014,"Schokkin, Gerda Hendrike",2014
FirchowFirchow2008,"Firchow, Irwin B. and Firchow, Jacqueline",2008
Haddon1907,"Haddon, Alfred C.",1907
Anceaux1952,"Anceaux, Johannes Cornelis",1952
Healey1960,"Healey, Phyllis M.",1960
Miller2007,"Miller, Mark T.",2007
Waters1983,"Waters, Bruce E.",1983
ElkinND,"Elkin, A.P.",
Vesakoski2017,"Vesakoski, Outi",2017
Keen2018,"Keen, Ian",2018
Ono2019,"Ono, Hitomi",2019
Terrill2002,"Terrill, Angela",2002
Fox1970ArosiEng,"Fox, C. E.",1970
Capell1984,"Capell, Arthur",1984
Agcaoili2011,"Agcaoili, Aurelio Solver",2011
Schmitz1960,"Schmitz, Carl A.",1960
Thomas1980,"Thomas, Lynn L.",1980
Fagan1986,"Fagan, Joel L.",1986
Glennon2005NehanEng,"Glennon, John and Glennon, Arianna",2005
Tryon1969,"Tryon, Darrell T. and Dubois, Marie-Joseph",1969
alves:06,"Alves, Mark J.",2006
Parker1905AnEnglis,"Parker, Luther",1905
Rehg1979Ponapean,"Rehg, Kenneth L.",1979
Charpentier1974,"Charpentier, Jean-Michel",1974
Tharp1980ARhadeEn,"Tharp, James A. and ?uôn-ya, Y-Bham",1980
Jaspan1984Material,"Jaspan, M. A.",1984
pan2012,"Pan, Chia-jung",2012
MullerGotama2001Sundanes,"Müller-Gotama, Franz",2001
WilliamsvanKlinkenetal2003,"Klinken, Catharina Williams-van",2003
Sujadi2007,"Sujadi, Emmor H. N.",2007
DondorpShim2013,"Dondorp, Anne and Shim, Jae-Wook",2013 [1997]
Sohn1975,"Sohn, Ho-Min",1975
Streicher1982,"Streicher, J. F.",1982
Behrens2002YakanEng,"Behrens, Dietlinde",2002
Alpher1991,"Alpher, Barry",1991
Crowley1983Uradhi,"Crowley, Terry",1983
Morphy1983,"Morphy, Frances",1983
kee83,"Keen, Sandra",
Rivers1914,"Rivers, W. H. R.",1914
PawleyRoss1995,"Pawley, Andrew and Ross, Malcolm",1995
Fischer1963,"Fischer, Hans",1963
janowski2007a,"Janowski, Monica",2007
rutherford1998a,"Rutherford, Danilyn",1998-06
guiart1958a,"Guiart, Jean",1958
guiart2013a,"Guiart, Jean",2013
nayacakalou1957a,"Nayacakalou, R.R.",1957
miller1975a,"Miller, Ingrid",1975
yoshioka1988a,"Yoshioka, Masanori",1988
Robson1987,"Robson, S. O.",1987
Lane1961,"Lane, Robert B.",1961
harding1970cultures,"Harding, T.G. and Wallace, B.J.",1970
Durrad1940,"Durrad, W. J.",1940
Bowden1983,"Bowden, Ross",1983
Hicks1984,"Hicks, David",1984
Wedgwood1959,"Wedgwood, Camilla H.",1959
Lane1958,"Lane, Robert and Lane, Barbara",1958
Ray1892,"Ray, Sidney H.",1892
Capell1938,"Capell, A.",1938
rio2007a,"Rio, Knut Mikjel",2007
funabiki2012a,"Funabiki, Takeo",2012
rubinstein1978a,"Rubinstein, Robert Lawrence",1978
henri2011a,"Henri, Agnès",2011
leblic2004a,"Leblic, Isabelle",2004
morey2010a,"Morey, Stephen",2010
Groves1958,"Groves, Murray",1958
Forth1993,"Forth, Gregory",1993
Forth1990,"Forth, Gregory",1990
rynkiewich2012soul,"Rynkiewich, M.",2012
BergKingemann2010,"van den Berg-Klingeman, Lydia and van den Berg, René",2012
guiart1964a,"Guiart, Jean",1964-01
bouchery2012a,"Bouchery, Pascal and Sangtam, Lemlila",2012
krifka2017a,"Krifka, Manfred","July 10-15, 2017 2017"
jolly1994a,"Jolly, M.",1994
hess2009a,"Hess, Sabine",2009
hogbin1964a,"Hogbin, Ian",1964-06
scheffler1965choiseul,"Scheffler, H.W.",1965
GeorgeND,"George, Pakoa E. S.",
s:Reesink:Sougb,"Reesink, Ger P.",2002
Nancarrow2014,"Nancarrow, Cassy",2014
Kalpram2017,"Kalpram, Marinette and Kalpram, Joel",2017
Bauer1993,"Bauer, Winifred (with William Parker and Evans)., Te Kareongawai",1993
parke2003rotuma,"Parke, A.L.",2003
gatan1981ibanag,"Gatan, M. and Mendez, P.P. and Jocano, F.L.",1981
Pearce2015,"Pearce, Elizabeth",2015
nash2016,"Nash, David and Tukumba, Maggie and Lawrence, Dudley",2016
Dixon1991,"Dixon, Robert M.W.",1991
VanPuttenPC,"Putten, Saskia Van",2018
ShioharaPC,"Shiohara, Asako",2018
GuntsetsegPC,"Guntsetseg, Dolgor",2018
BergqvistPC,"Bergqvist, Henrik",2018
MansfieldPC,"Mansfield, John",2018
KashimaPC,"Kashima, Eri",2018
KoguraPC,"Kogura, Norikazu",2018
KurabePC,"Kurabe, Keita",2018
EvansPC,"Evans, Nicholas",2018
auslan,,
Patz2002,"Patz, Elisabeth",2002
gerstner2018grammar,"Gerstner-Link, Claudia",2018
van1997korowai,"Van Enk, Gerrit J and De Vries, Lourens",1997
edopisource,,
sorokina_slovar_2001,"Sorokina, I. P. and Bolina, D. S.",2001
sorokina_eneckij_2009,"Sorokina, I. P. and Bolina, D. S.",2009
savatkova_slovar_2008,"Savatkova, A. A.",2008
abramova_slovar_1990,"Abramova, A. A. and Galkin, I. S. and Efremov, A. S. and Zainieva, G. I. and Ivanov, I. G. and Isanbaev, N. I. and Patrušev, G. S. and Savatkova, A. A.",1990
kettunen_livisches_1938,"Kettunen, Lauri",1938
kosterkina_slovar_2001,"Kosterkina, N. T. and Momde, A. Č. and Ždanova, T. Û.",2001
pelto_individualism_1962,"Pelto, Pertti J.",1962
bergsland_aarjelsaemien-daaroen_1993,"Bergsland, Knut and Magga, Lajla Mattson",1993
sammallahti_sami-suoma_1989,"Sammallahti, Pekka",1989
sammallahti_sami-suoma-sami_1993,"Sammallahti, Pekka",1993
moshnikoff_suomi-koltansaame-sanakirjalaadd-saam_2021,"Moshnikoff, Jouni and Moshnikoff, Satu",2021
fu-lab_russko-gornomarijskij_2020,FU-lab,2020
ul_livonian_institute_liv-ee-lv_nodate,"Institute, UL Livonian",
Meszaros_2001,"Mészáros, Edit",2001
Zaiceva_2010,"Zaiceva, Nina",2010
Zaiceva_Mullonen_2007,"Zaiceva, Nina and Mullonen, Irma",2007
ErtSz,Arcanum,2022
Papp_Jakab_1993,"Papp, István and Jakab, László",1993
EKSS,"Instituut, Eesti Keele",2022
EFI,"Instituut, Eesti Keele",2022
WogWb,,2013
Karjalainen_1913,"Karjalainen, K. F.",1913
DeWoS,"Steinitz, Wolfgang",1966
URS,"Kirillova, L. Е.",2008
KRS,"Besnosikova, А. М. and Ajbabina, Е. А. and Kosnyreva, R. I.",2000
Teresenko_1965,"Tereŝenko, N. М.",1965
meszaros_mordvin_2001,"Mészáros, Edit",2001
Russko-marijskij_slovar,"Lab, F-U",
SMJ,,1990
Arnaud_1968,"Arnaud, Expedito Coelho",1968
Silvia_1995,"Silvia, Márcio",1995
Thomas_1971,"Thomas, David J.",1971
carvalho_birchall_ptg_2022,"Carvalho, Fernando O. de and Birchall, Joshua",2022
thompson_ache_2019,"Thompson, Warren",2019
khalilov_archi_2015-1,"Khalilov, Madzhid and Lange, Stefan",2015
khalilov_bezhta_2015-1,"Khalilov, Madzhid and Lange, Stefan",2015
noauthor_talennet_nodate,,
madhava_menon_encyclopaedia_1996-1,"Madhava Menon, T. and Sivathanu, C. and Prasanth, K. P.",1996
banks_malay_1978,"BANKS, DAVID J",1978
noauthor_dictionnaire_197,,197
shashi_encyclopaedia_1994-1,"Shashi, Shyam Singh",1994
landin_kinship_1989,"Landin, R. M.",1989
madhava_menon_encyclopaedia_1996-2,"Madhava Menon, T. and Sivathanu, C. and Prasanth, K. P.",1996
58868,"Geerts, P.",1970
asf_auslan_aust1271,"Hodge, Gabrielle",
476215,"Holton, Gary",this volume
palmer_1997,"Palmer, Blair D.",1997
williams_1936,"Williams, Francis Edgar",1936
14965,"Salas Reyes, Vicente",1968
141699,"Himmelmann, Nikolaus P.",2001
139817,"Lynch, John and Tepahae, Philip",2001
marck_1996,"Marck, Jeffrey",1996
158324,"Hercus, Luise A.",1994
97023,"François, Alexandre",2002
ross_1996,"Ross, Malcolm D.",1996
163659,"Fox, C. E.",1970
311166,"Capell, Arthur and Layard, J.",1980
472332,"Schulte Nordholt, R. G.",1981
vanputten_2019,"van Putten, Saskia",
89190,"Deacon, Bernard A.",1934
deacon_1934,"Deacon, Bernard A.",1934
crowley_2006,"Crowley, Terry",2006
Naess_2017,"Næss, Åshild",2017
13534,"Stokhof, W. A. L. and Saleh-Bronkhorst, Lia",1980
18369,"Lincoln, Peter Craig",1976
lane_1961,"Lane, Robert B.",1961
316099,"Bowern, Claire",
janowski_2007,"Janowski, Monica",2007
pearson_1931,"Pearson, E. W. Chinnery",1931
unknown10_no_date,unknown10,no date
rutherford_1998,"Rutherford, Danilyn",1998
budd_2009,"Budd, Peter S.",2009
121232,"Dempwolff, Otto",1909
Evans2016bgw,"Evans, Nicholas",2016
elkins_1984,"Elkins, Richard E. and Hendrichson, Gail R.",1984
112121,"Duhé, Dale and Duhé, Linda",1996
79195,"Laycock, Donald C.",2003
56723,"Thambiah, Shanthi",2007
153741,"Blake, Barry J.",2003
155236,"Grimes, Charles E.",1991
guiart_1958,"Guiart, Jean",1958
18380,"Headland, Thomas N. and Healey, Alan",1974
317904,"Wolff, John Ulrich",1972
138026,"Healey, Phyllis M.",1960
89467,"Lawrence, A. E.",1933
unknown7_no_date,unknown7,no date
kroeber_no_date,"Kroeber, A. L.",no date
81186,"Scebold, Robert A.",2003
54796,"von Preissig, Edward R.",1918
143714,"White, Geoffrey M. and Kokhonigita, Francis and Pulomana, Hugo",1988
141638,"Caughley, Ross C.",2000
goodenough_1990,"Goodenough, W. H. and Sugita, H.",1990
51236,"Kerr, Harland B.",1988
krifka_2017,"Krifka, Manfred",2017
447499,"von Prince, Kilu",2015
Evans2016dalabon,"Evans, Nicholas",2016
43663,"Luo, Yongxian",1999
132965,"Tryon, D. T.",1967
1914,"Terrill, Angela",2002
KeenDhuwalDhuwala2018,"Keen, Ian",2018
315369,"Elkin, A.P.",
dixon_1983,"Dixon, R. M. W.",1983
waters_no_date,"Waters, Bruce",no date
439087,"Atchison, Martin B.",1995
duna_duna1248,"San Roque, Lila",2008
moyle_2011,"Moyle, Richard M.",2011
1654,"Kite, Suzanne and Wurm, Stephen",2004
tshering_2013,"Tshering, Karma",2013
52375,"Tryon, Darrell T.",1976
27581,"Franklin, Karl J.",1971
158579,"Capell, Arthur",1962
guiart_2013,"Guiart, Jean",2013
lindsey_2017,"Lindsey, Kate",2017
Barth2017b,"Barth, Wolfgang",2017
nayacakalou_1957,"Nayacakalou, R. R.",1957
VesakoskyFinnish2017,"Vesakosky, Outi",2017
ludvigson_1989,"Ludvigson, Tomas",1989
68637,"Capell, Arthur",1984
stokhof_1980,"Stokhof, W. A. L. and Saleh-Bronkhorst, Lia",1980
KeenGanggalida2018,"Keen, Ian",2018
129547,"Eades, Domenyk",2005
miller_1975,"Miller, Ingrid",1975
ono_2019,"Ono, Hitomi",2019
powell_2002,"Powell, Fiona",2002
everett_2012,"Everett, Daniel",2012
durrad_1940,"Durrad, W. T.",1940
49601,"Donohue, Mark and San Roque, Lila",2004
harding_1970,"Harding, Thomas G.",1970
82814,"Goudswaard, Nelleke",2005
Evans2016idi,"Evans, Nicholas and Nébni, Jimmy",2016
116668,"de Josselin de Jong, Jan Petrus Benjamin",1947
108643,"Yamada, Yukihiro",1966
33749,"de Vries, Lourens J.",2004
31209,"Verheijen, Jilis A. J.",1986
unknown3_no_date,unknown3,no date
128069,"Burenhult, Niclas",2005
robson_1987,"Robson, S. O.",1987
jinghpaw,unknown,
unknown_,unknown source,
haddon_1907,"Haddon, Alfred C.",1907
303991,"Pawley, Andrew and Bulmer, Ralph",2011
VisserKalamang2017,"Visser, Eline",2017
128937,"Afable, Patricia Okubo",1989
forth_1990,"Forth, Gregory",1990
72902,"Nevermann, Hans",1939
buckley_1994,"Buckley, Eugene",1994
Evans2016kayadild,"Evans, Nicholas",2016
guntsetseg_2019,"Dolgor Guntsetseg, Elena Skribnik",
64260,"Senft, Gunter",1986
115492,"Blust, Robert",2003
landtman_1927,"Landtman, Gunnar",1927
95347,"Baird, Louise",2008
kogi_cogu1240,unknown,
101683,"Dutton, Tom",2003
schmitz_1960,"Schmitz, Carl",1960
Evans2016komnzo,"Evans, Nicholas",2016
65487,"Baxter, Alan N. and de Silva, Patrick",2004
ku_waru_boun1245,"Rumsey, Alan",
25770,"Fingleton, J. S.",1986
unknown_no_date,unknown source,no date
2433,"Sommer, Bruce",2006
23140,"Chinnery, E. W. P.",1930
thompson_1988,"Thompson, David A.",1988
127160,"Keesing, Roger M.",1975
47028,"Lindstrom, Lamont",1986
bowden_1983,"Bowden, Ross",1983
91175,"Draper, Norm and Draper, Sheila",2002
32420,"Nishiyama, Kunio and Kelen, Herman",2007
chung_2005,"Chung, Ying Shing Anthony",2005
51042,,1996
mcknight_1999,"McKnight, David",1999
Barth2017latin,"Barth, Wolfgang",2017
34741,"Fox, Charles Elliot",1974
471059,"Lacrampe, Sébastien",2014
47029,"Lynch, John",1977
funabiki_2012,"Funabiki, Takeo",2012
early_1994,"Early, Robert",1994
300875,"Harvey, Mark",2001
yu_2007,"Yu, Defen",2007
12680,"Hamel, Patricia J.",1994
159206,"Paton, W. F.",1973
chinnery_1931,"Chinnery, E. W. Pearson",1931
312062,"Hudson, Alfred B.",1967
85396,"Guérin, Valérie M. P. R.",2008
138072,"Drabbe, Peter",1950
308706,"Gargett, Andrew",2011
309421,"Stebbins, Tonya N.",2011
wedgewood_1959,"Wedgewood, Camilla H.",1959
113198,"Hildebrandt, Kristine A.",2004
hicks_1984,"Hicks, David",1984
bauer_1993,"Bauer, Winifred and Parker, William and Evans, Te Kareongawai",1993
47396,"Crowley, Terry",2006
olsson_2017,"Olsson, Bruno",2017
rynkiewich_2012,"Rynkiewich, Michael",2012
549351,"Healey, David Stephen",2013
Barth2017c,"Barth, Danielle",2017
63712,"Dol, Philomena Hedwig",1999
jones_1998,"Jones, Alan A.",1998
321062,"Elbert, Samuel H.",no date
43178,"Chung, Ying Shing Anthony",2005
rivers_1914,"Rivers, W. H. R.",1914
69526,"Gravelle, Gilles",2011
thomas_1980,"Thomas, Lynn L.",1980
118332,"Van Der Mark, Sheena",2007
129384,"Fagan, Joel L.",1986
odango_2015,"Odango, Emerson",2015
20301,"Codrington, Robert and Palmer, Jim",1896
groves_1958,"Groves, Murray",1958
25827,"van den Berg, René and Bachet, Peter",2006
van_2010,"van den Berg-Klingeman, Lydia and van den Berg, René",2010
31845,"Brownie, John and Brownie, Marjo",2007
161233,"François, Alexandre",2001
KalpramKalpramNafsan2017,"Kalpram, Marinette and Kalpram, Joel",2017
forth_1993,"Forth, Gregory",1993
303389,"Dimock, Laura Gail",2009
469059,"Chowning, Ann and Goodenough, Ward H.",2016
SiegelNama2017,"Siegel, Jeff",2017
sperlich_1991,"Sperlich, Wolfgang B.",1991
kashima_2018,"Kashima, Eri",2018
318787,"Vaa, Anders",2013
73107,"Fischer, Hans",1968
137204,"Glennon, John and Glennon, Arianna",2005
161128,"Williams, Francis Edgar",1936
Evans2016nen,"Evans, Nicholas and Nébni, Jimmy",2016
evans_2018,"Evans, Nicholas",2018
143939,"Tryon, Darrell T. and Dubois, Marie-Joseph",1969
39695,"Crowley, Terry",2006
musgrave_2007,"Musgrave, Jill",2007
104176,"Tsukamoto, Akihisa",1988
rio_2007,"Rio, Knut Mikjel",2007
guiart_1964,"Guiart, Jean",1964
nehrbass_2012,"Nehrbass, Kenneth",2012
unknown6_no_date,unknown6,no date
318711,"McGregor, William",2011
lane_1958,"Lane, Robert and Barbara",1958
fox_1986,"Fox, James J.",1986
318883,"Mellow, Greg",2014
103855,"Alves, Mark John",2006
leblic_2004,"Leblic, Isabelle",2004
31302,"Egli, Hans",1990
walleser_1913,"Walleser, Salvator",1913
gerda_2014,"Schokkin, Gerda Hendrike",2014
crowley_1988,"Crowley, Terry",1988
82207,"Parker, Luther",1905
70445,"Rayner, Ernest Adolphus",1923
himmelmann_2001,"Himmelmann, Nikolaus P.",2001
unknown5_no_date,unknown5,no date
82918,"Rehg, Kenneth L.",1979
rehg_1979,"Rehg, Kenneth L.",1979
324292,"Charpentier, Jean-Michel",1974
pawley_2006,"Pawley, Andre",2006
don_2019,"Daniels, Don",2019
68013,"Elbert, Samuel H.",1974
541124,"Tharp, James A. and ?uôn-ya, Y-Bham",1980
EnneverRaga2018,"Ennever, Thomas",2018
yoshioka_1988,"Yoshioka, Masanori",1988
71051,"Buse, Jasper and Taringa, Raututi",1996
79435,"Jaspan, M. A.",1984
475127,"Choi, Yun Jung Hannah",2015
465833,"Sudarsono, P. D.",2002
111350,"Firchow, Irwin B. and Firchow, Jacqueline",2008
parke_no_date,"Parke, Aubrey L.",no date
319882,"Waterhouse, J. H. L. and Jones, L. M.",1949
EvansRussian2018,"Evans, Nicholas",2018
jolly_1994,"Jolly, Margaret",1994
309525,"Pan, Chia-jung",2012
bouchery_2012,"Bouchery, Pascal and Sangtam, Lemlila",2012
51878,"Roddy, Kevin M.",2007
johnson_2014,"Johnson, Kay",2014
100639,"Kelly, Barbara",2004
41979,"Crowley, Terry",2000
320303,"Fricke, Hanna",2014
27764,"Capell, Arthur","1935, 1936, 1936, 1936, 1937"
36690,"Capell, Arthur",1969
reesink_2002,"Reesink, Ger P.",2002
thieberger_2004,"Thieberger, Nicholas A.",2004
26034,"Parker, G.J.",1970
110693,"Taber, Mark",1993
312803,"Nehrbass, Kenneth",2012
vanTongerenSuki2017,"van Tongeren, Charlotte",2017
47326,"Müller-Gotama, Franz",2001
ennever_2018,"Ennever, Thomas",2018
EnneverSungwadaga2018,"Ennever, Thomas",2018
EnneverSungwadia2018,"Ennever, Thomas",2018
EnneverSungwaloge2018a,"Ennever, Thomas",2018
EnneverSungwaloge2018b,"Ennever, Thomas",2018
EnneverSungwaloge2018c,"Ennever, Thomas",2018
EnneverSungwaloge2018d,"Ennever, Thomas",2018
EnneverSungwaloge2018e,"Ennever, Thomas",2018
300556,"Henri, Agnès",2011
xue_2018,"Xue, Wendi",2018
RossTakia2017,"Ross, Malcolm",2017
303863,"Moyle, Richard M.",2011
27644,"Crowley, Susan Smith",1986
rubinstein_1978,"Rubinstein, Rbert Lawrence",1978
ray_1892,"Ray, Sidney H.",1892
capell_1938,"Capell, Arthur",1938
unknown8_no_date,unknown8,no date
125654,"Morris, Cliff",1984
52359,"Klinken, Catharina Williams-van",2003
143591,"Blust, Robert",2003
107761,"Gaby, Alice Rose",2006
301176,"Beaumont, Clive H.",1979
308634,"Brotchie, Amanda",2009
44453,"Grace, George William",1976
sujadi_2007,"Sujadi, Emmor H. N.",2007
unknown11_no_date,unknown11,no date
476792,"Lichtenberk, Frantisek",2008
302646,"Shnukal, Anna",1988
jackson_1983,"Jackson, Jean E.",1983
179892,"Donohue, Mark",2000
sil_no_date,SIL,no date
DursunTurkish2018,"Dursun, Sıdıka",2018
morey_2010,"Morey, Stephen",2010
29903,"Ranby, Peter",1980
blust_1977,"Blust, Robert A.",1977
400013,"Pearce, Elizabeth",2015
62308,"Crowley, Terry",1999
314797,"Crowley, Terry",
87810,"Hogan, David W. and Pattemore, Stephen W.",1988
105009,"Næss, Åshild and Hovdhaugen, Even",2011
layard_1942,"Layard, John",1942
scheffler_no_date,"Scheffler, Harold W.",no date
SchnellVeraa2017,"Schnell, Stefan",2017
hess_2009,"Hess, Sabine",2009
96315,"Nordlinger, Rachel",1998
319249,"Jones, Barbara",2011
NashWarlpiri2016,"Nash, David",2016
120945,"Blake, Barry J.",
ohagan_omagua_2019,"O’Hagan, Zachary",2019
valentino_katawian_2019,"Valentino, Leonor",2019
ferreira-alve_ikpeng_2019,"Ferreira-Alves, Ana Carolina and Chagas, Angela Fabíola Alves and BarbosaII, Leonard Jéferson Grala",2019
nogueira_tuparí_2019,"Nogueira, Antônia Fernanda Souza and Galucio, Ana Vilacy and Soares-Pinto, Nicole and Singerman, Adam Roth",2019
Rivière_1969,,
QuinnWT2017,"Quinn, Kyla",2017
301236,"Blake, Barry J. and Clark, Ian D. Krishna-Pillay Sharnti H.",1998
131545,"Fischer, Hans",1963
59165,"Miller, Mark T.",2007
elkins_1968,"Elkins, Richard E. Elkins",1968
466315,"Dondorp, Anne and Shim, Jae-Wook",2013 [1997]
hogbin_1964,"Hogbin, Ian",1964
140871,"Sohn, Ho-Min",1975
102411,"Anceaux, Johannes Cornelis",1952
EnneverXalangi2018,"Ennever, Thomas",2018
106213,"Grace, George William",1975
xibe_xibe1242,"Kogura, Norikazu",
98847,"Streicher, J. F.",1982
477623,"Ray, Sidney H.",1907
134664,"Behrens, Dietlinde",2002
4113,"Breen, Gavan and Blake, Barry J.",2007
164698,"Breen, Gavan",2004
levinson_2006,"Levinson, Stephen C.",2006
GregorYelmek2017,"Gregor, Tina",2017
306270,"Dixon, Robert M.W.",1991
151393,"Alpher, Barry",1991
143306,"Sharpe, Margaret",1998
keen_1983,"Keen, Sandra",1983
56659,"Hirtzel, Vincent",2010
58848,"Fitzsimons, Matthew",1989
Khalilov_Lange_2015,"Khalilov, Madzhid and Lange, Stefan",2015
Lee_Harvey_1973,"Lee, Kwang-Kyu and Harvey, Youngsook Kim",1973
FlyingOyster_2020,"Oyster, Flying",2020
8촌까지의친척호칭_2014,,2014
Chen_2019,"Chen, Chen",2019
Lang_1973,"Lang, Adrianne",1973
Meggitt_1964,"Meggitt, M. J.",1964
Ramsey_1975,"Ramsey, Evelyn M.",1975
Vincent_2003,"Vincent, Alex",2003
Roberts_2016,"Roberts, John R",2016
Marks_1969,"Marks, Doreen",1969
Schneider_2012,"Schneider, Katharina",2012
Frantz_Frantz_1962,"Frantz, Chester and Frantz, Marjorie",1962
Syuntarô_2006,"Syuntarô, Tida",2006
Jacobsen_1992,"Jacobsen, Michael",1992
Blackwood_1978,"Blackwood, Beatrice",1978
Loughnane_2009,"Loughnane, Robyn",2009
Newman_1965,"Newman, Philip L",1965
Bartlett,"Bartlett, H. K.",
Callister_2005,"Callister, Sandra",2005
King_1901,"King, Copland",1901
McGuckin_McGuckin_1992,"McGuckin, Ed and McGuckin, Catherine",1992
Bradshaw_2022,"Bradshaw, Robert L",2022
Barker_2008,"Barker, John",2008
Farr_Farr_2008,"Farr, James and Farr, Cynthia",2008
Clunn_Kolia_1977,"Clunn, S. P. and Kolia, J. A.",1977
Brown_1986,"Brown, Herbert A.",1986
Olson_1974,"Olson, Michael L",1974
Pence_1974,"Pence, Alan R",1974
Hotz_Stringer_1974,"Hotz, Joyce and Stringer, Mary",1974
Loving_1974,"Loving, Richard",1974
Bruce_1974,"Bruce, Leslie P.",1974
Rehburg_1974,"Rehburg, Judith",1974
Whitehead_2004,"Whitehead, Carl R",2004
Petterson_1999,"Petterson, Robert",1999
Petterson_Petterson_1992,"Petterson, Robert and Petterson, Deborah",1992
Kerr_1972,"Kerr, Harland B",1972
Allen_Latu_Koesana_Tsirumits_1982,"Allen, Jerry and Latu, Marcello and Koesana, Maurice and Tsirumits, Maurice",1982
Telban_1998,"Telban, Borut",1998
Rijk_2007,"Rijk, Rudolf P G de",2007
Trask_2008,"Trask, R L",2008
Aulestia_White_1992,"Aulestia, Gorka and White, Linda",1992
Silverman_1993,"Silverman, Eric Kline",1993
Holz_2023,"Holz, Christoph",2023
Mead_2018,"Mead, Margaret",2018
Blust_2021,"Blust, Robert",2021
Boettger_2015,"Boettger, Juliane",2015
Singarimbun_2024,"Singarimbun, Masri",2024
Beatty_1992,"Beatty, Andrew",1992
Nadel_1947,"Nadel, S. F.",1947
Black_Black_1971,"Black, Keith and Black, Elizabeth",1971
Stevenson_1984,"Stevenson, Roland C.",1984
Smits_2017,"Smits, Heleen",2017
Veit_Schneider-Blum_2024,"Veit, Nataliya and Schneider-Blum, Gertrud",2024
Ismail_2015,"Ismail, Khaleel",2015
Armbruster_1965,"Armbruster, Charles Hubert",1965
Neudorf_2014,"Neudorf, Susanne",2014
Seligman_Seligman_1932,"Seligman, C G and Seligman, Brenda Z",1932
Blackings_2009,"Blackings, Mairi John",2009
